Show Name,Theatre Name,Start Date,End Date,Link
"A celebration of the work of Michael Folkard as a scenic designer","newventure.org.uk","Saturday 10 May 202510:00 am – 6:00 pmNVT South HallDrop in event - free entry","","https://newventure.org.uk/undefined"
"wave to earth - 0.03 tour","www.academymusicgroup.com","29","","https://www.academymusicgroup.com/o2academybrixton/events/1562123/wave-earth-tickets"
"Subscribe","www.felixstowespa.co.uk","Sign up to receive the latest news and updates from The Spa Pavilion.We will send 2 regular monthly updates and a maximum of 4 emails per month. Your details will never be shared with, or rented to, anyone.","","http://www.felixstowespa.co.uk/undefined"
"Rough Magic","www.shakespearesglobe.com","19 July","23 August","https://www.shakespearesglobe.com/whats-on/rough-magic/"
"Romeo and Juliet","www.shakespearesglobe.com","26 April","2 August","https://www.shakespearesglobe.com/whats-on/romeo-and-juliet/"
"The Crucible","www.shakespearesglobe.com","8 May","12 July","https://www.shakespearesglobe.com/whats-on/the-crucible/"
"The Merry Wives of Windsor","www.shakespearesglobe.com","4 July","20 September","https://www.shakespearesglobe.com/whats-on/the-merry-wives-of-windsor/"
"Twelfth Night or What You Will","www.shakespearesglobe.com","8 August","25 October","https://www.shakespearesglobe.com/whats-on/twelfth-night/"
"Troilus and Cressida","www.shakespearesglobe.com","26 September","26 October","https://www.shakespearesglobe.com/whats-on/troilus-and-cressida/"
"A Midsummer Night's Dream: For One Night Only","www.shakespearesglobe.com","14 September","","https://www.shakespearesglobe.com/whats-on/a-midsummer-nights-dream-for-one-night-only/"
"Globe Theatre Guided Tour","www.shakespearesglobe.com","27 April","31 October","https://www.shakespearesglobe.com/whats-on/globe-theatre-guided-tour/"
"Pride Guided Tour","www.shakespearesglobe.com","28 April","27 October","https://www.shakespearesglobe.com/whats-on/guided-tour-pride/"
"Shakespeare's Walking Tour","www.shakespearesglobe.com","1 May","2 November","https://www.shakespearesglobe.com/whats-on/shakespeares-walking-tour/"
"Ghosts & Ghouls Family Tour","www.shakespearesglobe.com","10 May","2 November","https://www.shakespearesglobe.com/whats-on/ghosts-and-ghouls-family-tour/"
"Shakespeare's True Crimes Walking Tour","www.shakespearesglobe.com","3 May","25 October","https://www.shakespearesglobe.com/whats-on/shakespeares-true-crimes-walking-tour/"
"Heaven to Hell Tour","www.shakespearesglobe.com","11 May","18 October","https://www.shakespearesglobe.com/whats-on/heaven-to-hell-tour/"
"Macbeth: 9 – 11 years Family Workshop","www.shakespearesglobe.com","23 July","23 August","https://www.shakespearesglobe.com/whats-on/macbeth-family-workshop-9-11-years/"
"Ghosts & Ghouls Family Tour","www.shakespearesglobe.com","10 May","2 November","https://www.shakespearesglobe.com/whats-on/ghosts-and-ghouls-family-tour/"
"Family Sword Fighting Demonstration","www.shakespearesglobe.com","28 June","2 November","https://www.shakespearesglobe.com/whats-on/sword-fighting-demonstration/"
"Research in Action: Twelfth Night Rediscovered","www.shakespearesglobe.com","3 June","","https://www.shakespearesglobe.com/whats-on/research-in-action-twelfth-night-rediscovered/"
"Othello: Study Day","www.shakespearesglobe.com","21 June","","https://www.shakespearesglobe.com/whats-on/othello-study-day/"
"Twelfth Night: Study Day","www.shakespearesglobe.com","16 August","11 October","https://www.shakespearesglobe.com/whats-on/twelfth-night-study-day/"
"Romeo and Juliet: Study Day","www.shakespearesglobe.com","17 May","26 July","https://www.shakespearesglobe.com/whats-on/romeo-juliet-study-day/"
"Research in Action: 30 Years of Research","www.shakespearesglobe.com","10 September","","https://www.shakespearesglobe.com/whats-on/research-in-action-30-years-of-research/"
"Research in Action: Global Early Modern Stage","www.shakespearesglobe.com","23 October","","https://www.shakespearesglobe.com/whats-on/research-in-action-global-early-modern-stage/"
"Young Actors Short Course (11-13 years)","www.shakespearesglobe.com","27 May","4 August","https://www.shakespearesglobe.com/whats-on/young-actors-short-course-11-13-years/"
"Young Actors Short Course (8–10 years)","www.shakespearesglobe.com","27 May","4 August","https://www.shakespearesglobe.com/whats-on/young-actors-short-course-8-10-years/"
"Macbeth: On Stage Workshop (12-14 years)","www.shakespearesglobe.com","24 - 31 May","","https://www.shakespearesglobe.com/whats-on/macbeth-on-stage-workshop-12-14-years/"
"Romeo and Juliet","www.shakespearesglobe.com","26 April","2 August","https://www.shakespearesglobe.com/whats-on/romeo-and-juliet/"
"Romeo and Juliet Guided Tour","www.shakespearesglobe.com","27 April","30 July","https://www.shakespearesglobe.com/whats-on/romeo-and-juliet-guided-tour/"
"Globe Theatre Guided Tour","www.shakespearesglobe.com","27 April","31 October","https://www.shakespearesglobe.com/whats-on/globe-theatre-guided-tour/"
"CPD: Teaching Anti-Racist Shakespeare","www.shakespearesglobe.com","25 September","","https://www.shakespearesglobe.com/whats-on/anti-racist-shakespeare-cpd/"
"Online CPD: Teaching Shakespeare and Sexuality","www.shakespearesglobe.com","13 October","","https://www.shakespearesglobe.com/whats-on/online-cpd-shakespeare-and-sexuality/"
"CPD: Teaching Shakespeare and Women","www.shakespearesglobe.com","23 June","","https://www.shakespearesglobe.com/whats-on/cpd-shakespeare-women/"
"Continuing Professional Development: Teaching Romeo and Juliet at KS4","www.shakespearesglobe.com","12 June","","https://www.shakespearesglobe.com/whats-on/continuing-professional-development-teaching-romeo-and-juliet-at-ks4/"
"CPD: Teaching Othello at Key Stage 5 | Shakespeare's Globe","www.shakespearesglobe.com","3 July","","https://www.shakespearesglobe.com/whats-on/continuing-professional-development-teaching-othello-at-key-stage-5/"
"Continuing Professional Development: Teaching Macbeth at Key Stage 4","www.shakespearesglobe.com","17 June","18 October","https://www.shakespearesglobe.com/whats-on/cpd-teaching-macbeth-key-stage-4/"
"New Visions","www.roundhouse.org.uk","Sun 27 Apr 25","","https://www.roundhouse.org.uk/whats-on/new-visions-film-fund/"
"Corinne Bailey Rae presents Black Rainbows","www.roundhouse.org.uk","Sun 27 Apr 25","","https://www.roundhouse.org.uk/whats-on/corinne-bailey-rae/"
"Poetry Writing Drop-In","www.roundhouse.org.uk","Mon 28 April","","https://www.roundhouse.org.uk/whats-on/poetry-drop-in-roundhouse-three-sixty/"
"Holden, NIA & Faker Villain","www.roundhouse.org.uk","Tue 29 Apr 25","","https://www.roundhouse.org.uk/whats-on/holden-jaz-lee-nia/"
"Navigating the Music Industry as an Independent Artist with Cristale, Finn Foxell, and Jords","www.roundhouse.org.uk","Wed 30 Apr 25","","https://www.roundhouse.org.uk/whats-on/sml-360-notion-su25/"
"Summrs & Autumn -Aux: Volume 8","www.roundhouse.org.uk","Wed 30 Apr 25","","https://www.roundhouse.org.uk/whats-on/summrs-autumn-aux-volume-8/"
"Che - Aux: Volume 8","www.roundhouse.org.uk","Wed 30 Apr 25","","https://www.roundhouse.org.uk/whats-on/che-aux-volume-8/"
"Razorlight","www.roundhouse.org.uk","Thu 01 May 25","","https://www.roundhouse.org.uk/whats-on/razorlight/"
"Alice Phoebe Lou","www.roundhouse.org.uk","Fri 02 May 25","","https://www.roundhouse.org.uk/whats-on/alice-phoebe-lou/"
"Only Fools and Horses The Musical","www.trch.co.uk","26 Apr 2025","","https://trch.co.uk/whats-on/only-fools-and-horses/"
"Murder She Didn't Write","www.trch.co.uk","26 Apr 2025","","https://trch.co.uk/whats-on/murder-she-didnt-write/"
"Opera North: Simon Boccanegra","www.trch.co.uk","29 Apr 2025","","https://trch.co.uk/whats-on/opera-north-simon-boccanegra/"
"Ghost Stories","www.trch.co.uk","03 May 2025","","https://trch.co.uk/whats-on/ghost-stories/"
"Anastacia - Not That Kind Tour","www.trch.co.uk","01 May 2025","","https://trch.co.uk/whats-on/anastacia/"
"The Hallé","www.trch.co.uk","02 May 2025","","https://trch.co.uk/whats-on/the-halle-may/"
"Harry Hill: New Bits & Greatest Hits","www.trch.co.uk","04 May 2025","","https://trch.co.uk/whats-on/harry-hill-new-bits/"
"Lost in Music","www.trch.co.uk","05 May 2025","","https://trch.co.uk/whats-on/lost-in-music/"
"An Evening of Burlesque Cabaret","www.trch.co.uk","06 May 2025","","https://trch.co.uk/whats-on/an-evening-of-burlesque/"
"War Horse","www.trch.co.uk","18 May 2025","","https://trch.co.uk/whats-on/war-horse/"
"Sir Tim Rice: My Life in Musicals - I Know Him so Well","www.trch.co.uk","07 May 2025","","https://trch.co.uk/whats-on/sir-tim-rice/"
"Paul Chowdhry","www.trch.co.uk","10 May 2025","","https://trch.co.uk/whats-on/paul-chowdhry/"
"Limelight Backstage Tour","www.trch.co.uk","10 May 2025","","https://trch.co.uk/whats-on/limelight-backstage-tour-10-05/"
"War Horse Puppet Workshop","www.trch.co.uk","10 May 2025","","https://trch.co.uk/whats-on/war-horse-puppet-workshop/"
"Derren Brown - Only Human Live","www.trch.co.uk","17 May 2025","","https://trch.co.uk/whats-on/derren-brown/"
"Henning Wehn: Acid Wehn","www.trch.co.uk","18 May 2025","","https://trch.co.uk/whats-on/henning-wehn/"
"Jasmin Vardimon Company - ALiCE","www.trch.co.uk","20 May 2025","","https://trch.co.uk/whats-on/jasmin-vardimon-company-alice/"
"A Squash & A Squeeze","www.trch.co.uk","24 May 2025","","https://trch.co.uk/whats-on/a-squash-a-squeeze/"
"Live at Lunch: Kylia Tsz Yam Pai","www.trch.co.uk","23 May 2025","","https://trch.co.uk/whats-on/kylia-tsz-yam-pai/"
"Les Misérables - Let the People Sing","www.trch.co.uk","31 May 2025","","https://trch.co.uk/whats-on/les-miserables-let-the-people-sing/"
"Sophie Ellis-Bextor","www.trch.co.uk","28 May 2025","","https://trch.co.uk/whats-on/sophie-ellis-bextor/"
"The Sensational 60s Experience","www.trch.co.uk","01 Jun 2025","","https://trch.co.uk/whats-on/sensational-60s/"
"The Hallé","www.trch.co.uk","03 Jun 2025","","https://trch.co.uk/whats-on/the-halle-june/"
"The Book of Mormon","www.trch.co.uk","28 Jun 2025","","https://trch.co.uk/whats-on/the-book-of-mormon/"
"Aljaž & Janette","www.trch.co.uk","04 Jun 2025","","https://trch.co.uk/whats-on/aljaz-and-janette/"
"Dara O'Briain: Re:Creation","www.trch.co.uk","05 Jun 2025","","https://trch.co.uk/whats-on/dara-o-briain/"
"Gary Barlow - The Songbook Tour","www.trch.co.uk","07 Jun 2025","","https://trch.co.uk/whats-on/gary-barlow/"
"Limelight Backstage Tour","www.trch.co.uk","07 Jun 2025","","https://trch.co.uk/whats-on/limelight-backstage-tour-07-06/"
"Bonnie Raitt","www.trch.co.uk","08 Jun 2025","","https://trch.co.uk/whats-on/bonnie-raitt/"
"Hamlet: The Rest is Silence (Community Production)","www.trch.co.uk","11 Jun 2025","","https://trch.co.uk/whats-on/hamlet-the-rest-is-silence-community-production/"
"Anansi & The Lost Sun (LITTLE VENICE)","www.puppetbarge.com","Suitable for age 4+","","http://www.puppetbarge.com/undefined"
"The Hare & The Tortoise (LITTLE VENICE)","www.puppetbarge.com","Suitable for age 4-10","","http://www.puppetbarge.com/undefined"
"The Town Mouse & The Country Mouse (LITTLE VENICE)","www.puppetbarge.com","Suitable for age 3-7","","http://www.puppetbarge.com/undefined"
"Testaments (LITTLE VENICE)","www.puppetbarge.com","Jazz, ImprovMusic is for all ages!","","http://www.puppetbarge.com/undefined"
"Alkanna Graeca (LITTLE VENICE)","www.puppetbarge.com","Greek, Bulgarian, Georgian Vocal Folk MusicMusic is for all ages!","","http://www.puppetbarge.com/undefined"
"Nina Harries (LITTLE VENICE)","www.puppetbarge.com","Singer Songwriter - Voice, Bass, Emotional WhiplashMusic is for all ages!","","http://www.puppetbarge.com/undefined"
"Subscribe","www.puppetbarge.com","Sign up with your email address to receive information about upcoming shows every 2-3 months.","","http://www.puppetbarge.com/undefined"
"Support us!","www.puppetbarge.com","Join the crew through our Patreon and receive discounts and more!","","http://www.puppetbarge.com/undefined"
"NO SIGNAL: Purgatory’s Hottest Drag Ball","www.bac.org.uk","26 Apr","","https://bac.org.uk/whats-on/no-signal/"
"Battersea Museum of Horrors","www.bac.org.uk","25 - 26 Apr","","https://bac.org.uk/whats-on/battersea-museum-of-horrors/"
"Transmundane:Short Film Showcase","www.bac.org.uk","26 Apr","","https://bac.org.uk/whats-on/transmundane/"
"A Little Inquest Into What We Are All Doing Here","www.bac.org.uk","1 - 2 May","","https://bac.org.uk/whats-on/a-little-inquest/"
"DEAD DAD DEATH CULT","www.bac.org.uk","2 - 3 May","","https://bac.org.uk/whats-on/dead-dad-death-cult/"
"Catherine (Work In Progress)","www.bac.org.uk","3 May","","https://bac.org.uk/whats-on/catherine/"
"50 Ways to Kill a Slug","www.bac.org.uk","3 May","","https://bac.org.uk/whats-on/50-ways-to-kill-a-slug/"
"Ways of Knowing","www.bac.org.uk","3 May","","https://bac.org.uk/whats-on/ways-of-knowing/"
"Goner","www.bac.org.uk","6 - 10 May","","https://bac.org.uk/whats-on/goner/"
"Alpha Go_Lee: Theory of Sacrifice","www.bac.org.uk","17 May","","https://bac.org.uk/whats-on/alpha-go_lee/"
"Koulounisation","www.bac.org.uk","23 - 24 May","","https://bac.org.uk/whats-on/koulounisation/"
"Natural Behaviour","www.bac.org.uk","3 - 7 Jun","","https://bac.org.uk/whats-on/natural-behaviour/"
"The Duncairn","www.theduncairn.com","Putting arts at the heart of North Belfast since 2014, come and see what’s going on in Belfast’s Cultural Quarter!","","http://www.theduncairn.com/whats-on/undefined"
"Subscribe","www.theduncairn.com","Get pre-sale ticket access, discount codes and the latest updates with all the goings-on here at the Duncairn by supplying your email address below:","","http://www.theduncairn.com/whats-on/undefined"
"On now & coming up","www.hoxtonhall.co.uk","See a selection of the exciting gigs, performances, workshops, free events, and more taking place this month.","","http://www.hoxtonhall.co.uk/undefined"
"Be a Hoxton Hero!","www.hoxtonhall.co.uk","Please support our mission to open up the arts for everyone with a one-off gift.","","http://www.hoxtonhall.co.uk/undefined"
"Join our community","www.hoxtonhall.co.uk","Stay updated with the latest news, workshops and events.","","http://www.hoxtonhall.co.uk/undefined"
"Newcastle Puppetry Festival","www.northernstage.co.uk","24 - 27 Apr","","https://northernstage.co.uk/whats-on/newcastle-puppetry-festival-2/"
"Kim's Convenience","www.northernstage.co.uk","3 May 2025","","https://northernstage.co.uk/whats-on/kims-convenience/"
"Touch Tour","www.northernstage.co.uk","3 Jan 2026","","https://northernstage.co.uk/whats-on/touch-tour/"
"Joy","www.northernstage.co.uk","1 May 2025","","https://northernstage.co.uk/whats-on/joy/"
"Kiell Smith-Bynoe & Friends: Kool Story Bro","www.northernstage.co.uk","8 May 2025","","https://northernstage.co.uk/whats-on/kiell-smith-bynoe-friends/"
"Teach Rex Live","www.northernstage.co.uk","10 May 2025","","https://northernstage.co.uk/whats-on/teach-rex-live/"
"Handbagged","www.northernstage.co.uk","17 May 2025","","https://northernstage.co.uk/whats-on/handbagged/"
"Jerusalem","www.northernstage.co.uk","17 May 2025","","https://northernstage.co.uk/whats-on/jerusalem/"
"Northern Stage Pub Quiz","www.northernstage.co.uk","22 May 2025","","https://northernstage.co.uk/whats-on/northern-stage-pub-quiz/"
"Across the Universe","www.northernstage.co.uk","25 May 2025","","https://northernstage.co.uk/whats-on/across-the-universe/"
"The Very Hungry Caterpillar Show","www.northernstage.co.uk","1 Jun 2025","","https://northernstage.co.uk/whats-on/the-very-hungry-caterpillar/"
"My-dentity","www.northernstage.co.uk","30 May 2025","","https://northernstage.co.uk/whats-on/my-dentity/"
"Kinky Boots The Musical","www.theatreroyal.com","26 Apr 2025","","https://theatreroyal.com/whats-on/kinky-boots-2025/"
"Close Enough","www.theatreroyal.com","26 Apr 2025","","https://theatreroyal.com/whats-on/close-enough/"
"Take Flight 08-13yrs","www.theatreroyal.com","28 Apr 2025","","https://theatreroyal.com/whats-on/2025a-take-flight-08-13yrs/"
"Take Flight 14-18yrs","www.theatreroyal.com","28 Apr 2025","","https://theatreroyal.com/whats-on/2025a-take-flight-14-18yrs/"
"National Theatre Connections Festival","www.theatreroyal.com","03 May 2025","","https://theatreroyal.com/whats-on/connections-festival/"
"Tiny Tales Summer 2025","www.theatreroyal.com","03 Jul 2025","","https://theatreroyal.com/whats-on/tiny-tales-2025/"
"Nikita Kuzmin - Midnight Dancer","www.theatreroyal.com","01 May 2025","","https://theatreroyal.com/whats-on/nikita-kuzmin/"
"Andy Ford's Flippin' World Tour of the West Country","www.theatreroyal.com","03 May 2025","","https://theatreroyal.com/whats-on/andy-ford-2025/"
"That'll Be The Day","www.theatreroyal.com","04 May 2025","","https://theatreroyal.com/whats-on/tbtd-25/"
"Chitty Chitty Bang Bang","www.theatreroyal.com","10 May 2025","","https://theatreroyal.com/whats-on/chitty-chitty-bang-bang/"
"In Search of Goldoni","www.theatreroyal.com","10 May 2025","","https://theatreroyal.com/whats-on/goldoni/"
"FUSE Gathering x Beyond Face","www.theatreroyal.com","09 May 2025","","https://theatreroyal.com/whats-on/14-gathering-fuse-2025/"
"Bat Out Of Hell","www.theatreroyal.com","17 May 2025","","https://theatreroyal.com/whats-on/bat-out-of-hell/"
"Machinal","www.theatreroyal.com","17 May 2025","","https://theatreroyal.com/whats-on/uop-machinal/"
"Closeted | EXPERIMENT Work In Progress","www.theatreroyal.com","16 May 2025","","https://theatreroyal.com/whats-on/2025a-closeted/"
"Only Fools and Horses: The Musical","www.theatreroyal.com","24 May 2025","","https://theatreroyal.com/whats-on/only-fools/"
"Choir of Man","artstheatrewestend.co.uk","Returning to the Arts from March 2025!","","https://artstheatrewestend.co.uk/events/choir-of-man"
"Explorers Garden","pitlochryfestivaltheatre.com","Open 1 April – 31 October","","https://www.pitlochryfestivaltheatre.com/whats-on/explorers-garden/"
"Youth Dance (5-10 year olds)","pitlochryfestivaltheatre.com","8 Dec 2025","","https://www.pitlochryfestivaltheatre.com/whats-on/youth-dance-5-10-years-2025/"
"Youth Dance (11-16 year olds)","pitlochryfestivaltheatre.com","8 Dec 2025","","https://www.pitlochryfestivaltheatre.com/whats-on/youth-dance-11-16-2025/"
"The Sound of Music - von Trapp Family Young Company Auditions","pitlochryfestivaltheatre.com","05 May 2025","","https://www.pitlochryfestivaltheatre.com/whats-on/the-sound-of-music-von-trapp-children-audition/"
"Water Colour","pitlochryfestivaltheatre.com","17 May 2025","","https://www.pitlochryfestivaltheatre.com/whats-on/water-colour/"
"Explorers Garden - Guided Tour","pitlochryfestivaltheatre.com","25 Sep 2025","","https://www.pitlochryfestivaltheatre.com/whats-on/explorers-garden-guided-tour/"
"Nan Shepherd: Naked and Unashamed","pitlochryfestivaltheatre.com","14 Jun 2025","","https://www.pitlochryfestivaltheatre.com/whats-on/nan-shepherd-naked-and-unashamed-2/"
"Thank You For the Music","pitlochryfestivaltheatre.com","07 Jun 2025","","https://www.pitlochryfestivaltheatre.com/whats-on/thank-you-for-the-music-2025/"
"Lost in Music","pitlochryfestivaltheatre.com","13 Jun 2025","","https://www.pitlochryfestivaltheatre.com/whats-on/lost-in-music/"
"What's next for libraries, literature and creativity?","pitlochryfestivaltheatre.com","14 Jun 2025","","https://www.pitlochryfestivaltheatre.com/whats-on/a-beer-a-bap-and-a-boffin-whats-next-for-libraries-literature-and-creativity/"
"The Pasadena Roof Orchestra","pitlochryfestivaltheatre.com","14 Jun 2025","","https://www.pitlochryfestivaltheatre.com/whats-on/pasadena-roof-orchestra-2/"
"Queer, There and Everywhere","pitlochryfestivaltheatre.com","17 Jun 2025","","https://www.pitlochryfestivaltheatre.com/whats-on/queerthereandeverywhere/"
"Bat Out of Hell: The Musical","CHELTENHAM - Everyman Theatre","5 APR 2025","","https://www.everymantheatre.org.uk/shows/bat-out-of-hell/"
"Bat Out of Hell: The Musical","GLASGOW - King's Theatre","19 APR 2025","","https://www.atgtickets.com/shows/bat-out-of-hell/kings-theatre-glasgow/"
"Bat Out of Hell: The Musical","LEEDS - Grand Theatre","26 APR 2025","","https://leedsheritagetheatres.com/whats-on/bat-out-of-hell-2025/"
"Bat Out of Hell: The Musical","SHEFFIELD - Lyceum Theatre","3 MAY 2025","","https://www.sheffieldtheatres.co.uk/events/bat-out-of-hell-2024"
"Bat Out of Hell: The Musical","WOKING - New Victoria Theatre","10 MAY 2025","","https://www.atgtickets.com/shows/bat-out-of-hell/new-victoria-theatre/"
"Bat Out of Hell: The Musical","PLYMOUTH - Theatre Royal","17 MAY 2025","","https://theatreroyal.com/whats-on/bat-out-of-hell/#book"
"Bat Out of Hell: The Musical","LONDON - Peacock Theatre","7 JUN 2025","","https://www.sadlerswells.com/whats-on/bat-out-of-hell-the-musical/"
"Bat Out of Hell: The Musical","Leicester - Curve Theatre","14 JUN 2025","","https://www.curveonline.co.uk/whats-on/shows/bat-out-of-hell/"
"Bat Out of Hell: The Musical","Milton Keynes - Milton Keynes Theatre","28 JUN 2025","","https://www.atgtickets.com/shows/bat-out-of-hell/milton-keynes-theatre/"
"Bat Out of Hell: The Musical","Stoke-on-Trent - Regent Theatre","5 JUL 2025","","https://www.atgtickets.com/shows/bat-out-of-hell/regent-theatre/"
"Bat Out of Hell: The Musical","Wolverhampton - Wolverhampton Grand Theatre","19 JUL 2025","","https://www.grandtheatre.co.uk/whats-on/bat-out-of-hell/"
"Bat Out of Hell: The Musical","HIGH WYCOMBE - Wycombe Swan Theatre","26 JUL 2025","","https://trafalgartickets.com/wycombe-swan-theatre/en-GB/event/musical/bat-out-of-hell-tickets"
"Bat Out of Hell: The Musical","CANTERBURY - Marlowe Theatre","2 AUG 2025","","https://marlowetheatre.com/shows/bat-out-of-hell-2/"
"Bat Out of Hell: The Musical","SOUTHEND - Cliffs Pavilion Theatre","9 AUG 2025","","https://trafalgartickets.com/cliffs-pavilion-southend/en-GB/event/musical/bat-out-of-hell-tickets"
"Bat Out of Hell: The Musical","SUNDERLAND - Empire Theatre","23 AUG 2025","","https://www.atgtickets.com/shows/bat-out-of-hell/sunderland-empire"
"Bat Out of Hell: The Musical","Eastbourne - Congress Theatre","30 AUG 2025","","https://www.eastbournetheatres.co.uk/events/batoutofhell2025"
"Bat Out of Hell: The Musical","BRISTOL - Hippodrome Theatre","13 SEP 2025","","https://www.atgtickets.com/shows/bat-out-of-hell/bristol-hippodrome"
"Bat Out of Hell: The Musical","NORTHAMPTON - Royal & Derngate","20 SEP 2025","","https://www.royalandderngate.co.uk/whats-on/bat-out-of-hell/"
"Six Characters in Search of an Author","Aylesbury Waterside Theatre","20 May 2025","24 May 2025","https://www.atgtickets.com/shows/six/aylesbury-waterside-theatre/?gad_source=1&gclid=Cj0KCQjw9Km3BhDjARIsAGUb4nzjiLUOKdW4mlB_ifW9KLiVDEH2kXOvprZJ-3szzFU56hkyrGW4USQaAnyhEALw_wcB&gclsrc=aw.ds"
"Six Characters in Search of an Author","Curve Theatre - Leicester","27 May 2025","31 May 2025","https://www.curveonline.co.uk/whats-on/shows/six-3/"
"Six Characters in Search of an Author","Hull New Theatre","3 Jun 2025","7 Jun 2025","https://www.hulltheatres.co.uk/theatre-events/SIX%20The%20Musical"
"Six Characters in Search of an Author","Grand Opera House, Belfast","10 Jun 2025","14 Jun 2025","https://www.goh.co.uk/whats-on/six-the-musical"
"Six Characters in Search of an Author","Bord Gáis Energy Theatre","17 Jun 2025","28 June 2025","https://www.bordgaisenergytheatre.ie/show/six/"
"Six Characters in Search of an Author","Rhyl Pavilion Theatre","1 July 2025","5 July 2025","https://rhylpavilion.co.uk/events_list/six/"
"Six Characters in Search of an Author","Leeds Grand Theatre","8 Jul 2025","12 Jul 2025","https://leedsheritagetheatres.com/whats-on/six-2025/"
"Six Characters in Search of an Author","Belgrade Theatre, Coventry","15 Jul 2025","19 Jul 2025","https://www.belgrade.co.uk/events/six-7/"
"Six Characters in Search of an Author","Skegness - Embassy Theatre","22 Jul 2025","26 Jul 2025","https://embassytheatre.co.uk/shows/six/"
"Six Characters in Search of an Author","Salford - The Lowry","29 Jul 2025","3 Aug 2025","https://thelowry.com/whats-on/299//six"
"Six Characters in Search of an Author","His Majesty's Theatre Aberdeen","5 Aug 2025","9 Aug 2025","https://www.aberdeenperformingarts.com/whats-on/six-2/"
"Six Characters in Search of an Author","Newcastle Theatre Royal","12 Aug 2025","23 Aug 2025","https://www.theatreroyal.co.uk/whats-on/six-6/"
"Six Characters in Search of an Author","Yvonne Arnaud Theatre - Guildford","26 Aug 2025","6 Sep 2025","https://www.yvonne-arnaud.co.uk/whats-on/six"
"Six Characters in Search of an Author","Theatre Royal Brighton","9 Sep 2025","20 Sep 2025","https://www.atgtickets.com/shows/six/theatre-royal-brighton/"
"Six Characters in Search of an Author","Theatre Clwyd - Mold","23 Sep 2025","27 Sep 2025","http://theatrclwyd.com/event/six-the-musical"
"Six Characters in Search of an Author","Hall for Cornwall - Truro","30 Sep 2025","4 Oct 2025","https://www.hallforcornwall.co.uk/whats-on/six-the-musical/"
"Six Characters in Search of an Author","Princess Theatre - Torquay","7 Oct 2025","11 Oct 2025","https://www.atgtickets.com/shows/six/princess-theatre-torquay/"
"Six Characters in Search of an Author","Grand Opera House York","14 Oct 2025","18 Oct 2025","https://www.atgtickets.com/shows/six/grand-opera-house-york/"
"Six Characters in Search of an Author","Edinburgh Playhouse","21 Oct 2025","25 Oct 2025","https://www.atgtickets.com/shows/six/edinburgh-playhouse/"
"Six Characters in Search of an Author","Wales Millennium Centre - Cardiff","28 Oct 2025","8 Nov 2025","https://www.wmc.org.uk/en/whats-on/2025/six/performances"
"Six Characters in Search of an Author","Cliffs Pavilion, Southend","11 Nov 2025","15 Nov 2025","https://trafalgartickets.com/cliffs-pavilion-southend/en-GB/event/musical/six-the-musical-tickets"
"Six Characters in Search of an Author","Festival Theatre - Malvern","18 Nov 2025","22 Nov 2025","https://www.malvern-tickets.co.uk/search_results.aspx?event_id=24918&_ga=2.19189884.577597097.1726652328-183579906.1722501219"
"Six Characters in Search of an Author","Wycombe Swan Theatre","25 Nov 2025","29 Nov 2025","https://trafalgartickets.com/wycombe-swan-theatre/en-GB/event/musical/six-the-musical-tickets"
"Six Characters in Search of an Author","Mayflower Theatre - Southampton","2 Dec 2025","6 Dec 2025","https://www.mayflower.org.uk/whats-on/six-2025/"
"Six Characters in Search of an Author","New Theatre Oxford","9 Dec 2025","13 Dec 2025","https://www.atgtickets.com/shows/six/new-theatre-oxford/"
"Six Characters in Search of an Author","Winter Gardens Blackpool","22 Dec 2025","4 Jan 2026","https://www.wintergardensblackpool.co.uk/events/six/"
"Six","Aylesbury Waterside Theatre","20 May 2025","24 May 2025","https://www.atgtickets.com/shows/six/aylesbury-waterside-theatre/?gad_source=1&gclid=Cj0KCQjw9Km3BhDjARIsAGUb4nzjiLUOKdW4mlB_ifW9KLiVDEH2kXOvprZJ-3szzFU56hkyrGW4USQaAnyhEALw_wcB&gclsrc=aw.ds"
"Six","Curve Theatre - Leicester","27 May 2025","31 May 2025","https://www.curveonline.co.uk/whats-on/shows/six-3/"
"Six","Hull New Theatre","3 Jun 2025","7 Jun 2025","https://www.hulltheatres.co.uk/theatre-events/SIX%20The%20Musical"
"Six","Grand Opera House, Belfast","10 Jun 2025","14 Jun 2025","https://www.goh.co.uk/whats-on/six-the-musical"
"Six","Bord Gáis Energy Theatre","17 Jun 2025","28 June 2025","https://www.bordgaisenergytheatre.ie/show/six/"
"Six","Rhyl Pavilion Theatre","1 July 2025","5 July 2025","https://rhylpavilion.co.uk/events_list/six/"
"Six","Leeds Grand Theatre","8 Jul 2025","12 Jul 2025","https://leedsheritagetheatres.com/whats-on/six-2025/"
"Six","Belgrade Theatre, Coventry","15 Jul 2025","19 Jul 2025","https://www.belgrade.co.uk/events/six-7/"
"Six","Skegness - Embassy Theatre","22 Jul 2025","26 Jul 2025","https://embassytheatre.co.uk/shows/six/"
"Six","Salford - The Lowry","29 Jul 2025","3 Aug 2025","https://thelowry.com/whats-on/299//six"
"Six","His Majesty's Theatre Aberdeen","5 Aug 2025","9 Aug 2025","https://www.aberdeenperformingarts.com/whats-on/six-2/"
"Six","Newcastle Theatre Royal","12 Aug 2025","23 Aug 2025","https://www.theatreroyal.co.uk/whats-on/six-6/"
"Six","Yvonne Arnaud Theatre - Guildford","26 Aug 2025","6 Sep 2025","https://www.yvonne-arnaud.co.uk/whats-on/six"
"Six","Theatre Royal Brighton","9 Sep 2025","20 Sep 2025","https://www.atgtickets.com/shows/six/theatre-royal-brighton/"
"Six","Theatre Clwyd - Mold","23 Sep 2025","27 Sep 2025","http://theatrclwyd.com/event/six-the-musical"
"Six","Hall for Cornwall - Truro","30 Sep 2025","4 Oct 2025","https://www.hallforcornwall.co.uk/whats-on/six-the-musical/"
"Six","Princess Theatre - Torquay","7 Oct 2025","11 Oct 2025","https://www.atgtickets.com/shows/six/princess-theatre-torquay/"
"Six","Grand Opera House York","14 Oct 2025","18 Oct 2025","https://www.atgtickets.com/shows/six/grand-opera-house-york/"
"Six","Edinburgh Playhouse","21 Oct 2025","25 Oct 2025","https://www.atgtickets.com/shows/six/edinburgh-playhouse/"
"Six","Wales Millennium Centre - Cardiff","28 Oct 2025","8 Nov 2025","https://www.wmc.org.uk/en/whats-on/2025/six/performances"
"Six","Cliffs Pavilion, Southend","11 Nov 2025","15 Nov 2025","https://trafalgartickets.com/cliffs-pavilion-southend/en-GB/event/musical/six-the-musical-tickets"
"Six","Festival Theatre - Malvern","18 Nov 2025","22 Nov 2025","https://www.malvern-tickets.co.uk/search_results.aspx?event_id=24918&_ga=2.19189884.577597097.1726652328-183579906.1722501219"
"Six","Wycombe Swan Theatre","25 Nov 2025","29 Nov 2025","https://trafalgartickets.com/wycombe-swan-theatre/en-GB/event/musical/six-the-musical-tickets"
"Six","Mayflower Theatre - Southampton","2 Dec 2025","6 Dec 2025","https://www.mayflower.org.uk/whats-on/six-2025/"
"Six","New Theatre Oxford","9 Dec 2025","13 Dec 2025","https://www.atgtickets.com/shows/six/new-theatre-oxford/"
"Six","Winter Gardens Blackpool","22 Dec 2025","4 Jan 2026","https://www.wintergardensblackpool.co.uk/events/six/"
"Half a Sixpence","Aylesbury Waterside Theatre","20 May 2025","24 May 2025","https://www.atgtickets.com/shows/six/aylesbury-waterside-theatre/?gad_source=1&gclid=Cj0KCQjw9Km3BhDjARIsAGUb4nzjiLUOKdW4mlB_ifW9KLiVDEH2kXOvprZJ-3szzFU56hkyrGW4USQaAnyhEALw_wcB&gclsrc=aw.ds"
"Half a Sixpence","Curve Theatre - Leicester","27 May 2025","31 May 2025","https://www.curveonline.co.uk/whats-on/shows/six-3/"
"Half a Sixpence","Hull New Theatre","3 Jun 2025","7 Jun 2025","https://www.hulltheatres.co.uk/theatre-events/SIX%20The%20Musical"
"Half a Sixpence","Grand Opera House, Belfast","10 Jun 2025","14 Jun 2025","https://www.goh.co.uk/whats-on/six-the-musical"
"Half a Sixpence","Bord Gáis Energy Theatre","17 Jun 2025","28 June 2025","https://www.bordgaisenergytheatre.ie/show/six/"
"Half a Sixpence","Rhyl Pavilion Theatre","1 July 2025","5 July 2025","https://rhylpavilion.co.uk/events_list/six/"
"Half a Sixpence","Leeds Grand Theatre","8 Jul 2025","12 Jul 2025","https://leedsheritagetheatres.com/whats-on/six-2025/"
"Half a Sixpence","Belgrade Theatre, Coventry","15 Jul 2025","19 Jul 2025","https://www.belgrade.co.uk/events/six-7/"
"Half a Sixpence","Skegness - Embassy Theatre","22 Jul 2025","26 Jul 2025","https://embassytheatre.co.uk/shows/six/"
"Half a Sixpence","Salford - The Lowry","29 Jul 2025","3 Aug 2025","https://thelowry.com/whats-on/299//six"
"Half a Sixpence","His Majesty's Theatre Aberdeen","5 Aug 2025","9 Aug 2025","https://www.aberdeenperformingarts.com/whats-on/six-2/"
"Half a Sixpence","Newcastle Theatre Royal","12 Aug 2025","23 Aug 2025","https://www.theatreroyal.co.uk/whats-on/six-6/"
"Half a Sixpence","Yvonne Arnaud Theatre - Guildford","26 Aug 2025","6 Sep 2025","https://www.yvonne-arnaud.co.uk/whats-on/six"
"Half a Sixpence","Theatre Royal Brighton","9 Sep 2025","20 Sep 2025","https://www.atgtickets.com/shows/six/theatre-royal-brighton/"
"Half a Sixpence","Theatre Clwyd - Mold","23 Sep 2025","27 Sep 2025","http://theatrclwyd.com/event/six-the-musical"
"Half a Sixpence","Hall for Cornwall - Truro","30 Sep 2025","4 Oct 2025","https://www.hallforcornwall.co.uk/whats-on/six-the-musical/"
"Half a Sixpence","Princess Theatre - Torquay","7 Oct 2025","11 Oct 2025","https://www.atgtickets.com/shows/six/princess-theatre-torquay/"
"Half a Sixpence","Grand Opera House York","14 Oct 2025","18 Oct 2025","https://www.atgtickets.com/shows/six/grand-opera-house-york/"
"Half a Sixpence","Edinburgh Playhouse","21 Oct 2025","25 Oct 2025","https://www.atgtickets.com/shows/six/edinburgh-playhouse/"
"Half a Sixpence","Wales Millennium Centre - Cardiff","28 Oct 2025","8 Nov 2025","https://www.wmc.org.uk/en/whats-on/2025/six/performances"
"Half a Sixpence","Cliffs Pavilion, Southend","11 Nov 2025","15 Nov 2025","https://trafalgartickets.com/cliffs-pavilion-southend/en-GB/event/musical/six-the-musical-tickets"
"Half a Sixpence","Festival Theatre - Malvern","18 Nov 2025","22 Nov 2025","https://www.malvern-tickets.co.uk/search_results.aspx?event_id=24918&_ga=2.19189884.577597097.1726652328-183579906.1722501219"
"Half a Sixpence","Wycombe Swan Theatre","25 Nov 2025","29 Nov 2025","https://trafalgartickets.com/wycombe-swan-theatre/en-GB/event/musical/six-the-musical-tickets"
"Half a Sixpence","Mayflower Theatre - Southampton","2 Dec 2025","6 Dec 2025","https://www.mayflower.org.uk/whats-on/six-2025/"
"Half a Sixpence","New Theatre Oxford","9 Dec 2025","13 Dec 2025","https://www.atgtickets.com/shows/six/new-theatre-oxford/"
"Half a Sixpence","Winter Gardens Blackpool","22 Dec 2025","4 Jan 2026","https://www.wintergardensblackpool.co.uk/events/six/"
"Blackpool Operatic Players performing 42nd-street?utm_source=google.com&utm_medium=organic ","BLCKPOOL, Lancashire","1 April 2026","4 April 2026","https://www.concordtheatricals.co.uk/p/44615/42nd-street?utm_source=google.com&utm_medium=organic"
"Geoids Musical Theatre performing 42nd-street?utm_source=google.com&utm_medium=organic ","London, London","22 April 2025","26 April 2025","https://www.concordtheatricals.co.uk/p/44615/42nd-street?utm_source=google.com&utm_medium=organic"
"Lamproom Musical Theatre Company performing 42nd-street?utm_source=google.com&utm_medium=organic ","Barnsley, South Yorkshire","13 May 2025","17 May 2025","https://www.concordtheatricals.co.uk/p/44615/42nd-street?utm_source=google.com&utm_medium=organic"
"RMTC performing 42nd-street?utm_source=google.com&utm_medium=organic ","Radlett, Hertfordshire","14 October 2025","18 October 2025","https://www.concordtheatricals.co.uk/p/44615/42nd-street?utm_source=google.com&utm_medium=organic"
"South Manchester AOS performing 42nd-street?utm_source=google.com&utm_medium=organic ","Manchester, Manchester (Greater)","2 July 2025","5 July 2025","https://www.concordtheatricals.co.uk/p/44615/42nd-street?utm_source=google.com&utm_medium=organic"
"Blackpool Operatic Players performing 42nd-street?utm_source=google.com&utm_medium=organic ","BLCKPOOL, Lancashire","1 April 2026","4 April 2026","https://www.concordtheatricals.co.uk/p/44615/42nd-street?utm_source=google.com&utm_medium=organic"
"Lamproom Musical Theatre Company performing 42nd-street?utm_source=google.com&utm_medium=organic ","Barnsley, South Yorkshire","13 May 2025","17 May 2025","https://www.concordtheatricals.co.uk/p/44615/42nd-street?utm_source=google.com&utm_medium=organic"
"RMTC performing 42nd-street?utm_source=google.com&utm_medium=organic ","Radlett, Hertfordshire","14 October 2025","18 October 2025","https://www.concordtheatricals.co.uk/p/44615/42nd-street?utm_source=google.com&utm_medium=organic"
"South Manchester AOS performing 42nd-street?utm_source=google.com&utm_medium=organic ","Manchester, Manchester (Greater)","2 July 2025","5 July 2025","https://www.concordtheatricals.co.uk/p/44615/42nd-street?utm_source=google.com&utm_medium=organic"
"Dawlish Repertory Company performing the-house-by-the-lake ","Dawlish, Devon","7 October 2026","10 October 2026","https://www.concordtheatricals.co.uk/p/15158/the-house-by-the-lake"
"Dawlish Repertory Company performing the-house-by-the-lake ","Dawlish, Devon","7 October 2026","10 October 2026","https://www.concordtheatricals.co.uk/p/15158/the-house-by-the-lake"
"Lymington Players performing boeing-boeing ","Lymington, Hampshire","12 May 2025","17 May 2025","https://www.concordtheatricals.co.uk/p/1943/boeing-boeing"
"Lymington Players performing boeing-boeing ","Lymington, Hampshire","12 May 2025","17 May 2025","https://www.concordtheatricals.co.uk/p/1943/boeing-boeing"
"Ad Hoc Productions performing and-then-there-were-none","Huntingdon, Cambridgeshire","4 June 2025","7 June 2025","https://www.concordtheatricals.co.uk/p/914/and-then-there-were-none"
"ADC Theatre* performing and-then-there-were-none","Cambridge, Cambridgeshire","27 May 2025","31 May 2025","https://www.concordtheatricals.co.uk/p/914/and-then-there-were-none"
"Bethany School performing and-then-there-were-none","Goudhurst, Kent","10 October 2025","11 October 2025","https://www.concordtheatricals.co.uk/p/914/and-then-there-were-none"
"Broughton Amateur Dramatic Society performing and-then-there-were-none","Broughton, Lincolnshire","8 May 2025","10 May 2025","https://www.concordtheatricals.co.uk/p/914/and-then-there-were-none"
"Camus Productions performing and-then-there-were-none","Eversley, Hampshire","23 October 2025","25 October 2025","https://www.concordtheatricals.co.uk/p/914/and-then-there-were-none"
"Keighley Playhouse performing and-then-there-were-none","Keighley, West Yorkshire","4 May 2026","9 May 2026","https://www.concordtheatricals.co.uk/p/914/and-then-there-were-none"
"Ad Hoc Productions performing and-then-there-were-none","Huntingdon, Cambridgeshire","4 June 2025","7 June 2025","https://www.concordtheatricals.co.uk/p/914/and-then-there-were-none"
"ADC Theatre* performing and-then-there-were-none","Cambridge, Cambridgeshire","27 May 2025","31 May 2025","https://www.concordtheatricals.co.uk/p/914/and-then-there-were-none"
"Bethany School performing and-then-there-were-none","Goudhurst, Kent","10 October 2025","11 October 2025","https://www.concordtheatricals.co.uk/p/914/and-then-there-were-none"
"Broughton Amateur Dramatic Society performing and-then-there-were-none","Broughton, Lincolnshire","8 May 2025","10 May 2025","https://www.concordtheatricals.co.uk/p/914/and-then-there-were-none"
"Camus Productions performing and-then-there-were-none","Eversley, Hampshire","23 October 2025","25 October 2025","https://www.concordtheatricals.co.uk/p/914/and-then-there-were-none"
"Keighley Playhouse performing and-then-there-were-none","Keighley, West Yorkshire","4 May 2026","9 May 2026","https://www.concordtheatricals.co.uk/p/914/and-then-there-were-none"
"Bloomsbury House performing a-few-good-men?utm_source=google.com&utm_medium=organic ","Windsor, Ontario","4 July 2025","13 July 2025","https://www.concordtheatricals.co.uk/p/2810/a-few-good-men?utm_source=google.com&utm_medium=organic"
"Coalville Adult School Drama Group performing a-few-good-men?utm_source=google.com&utm_medium=organic ","Coalville, Leicestershire","10 September 2025","13 September 2025","https://www.concordtheatricals.co.uk/p/2810/a-few-good-men?utm_source=google.com&utm_medium=organic"
"Gallery 7 Theatre and Performing Arts Society performing a-few-good-men?utm_source=google.com&utm_medium=organic ","Abbotsford, British Columbia","8 May 2026","24 May 2026","https://www.concordtheatricals.co.uk/p/2810/a-few-good-men?utm_source=google.com&utm_medium=organic"
"The Chameleons Amateur Dramatic Society performing a-few-good-men?utm_source=google.com&utm_medium=organic ","Ickenham, Middlesex","17 July 2025","19 July 2025","https://www.concordtheatricals.co.uk/p/2810/a-few-good-men?utm_source=google.com&utm_medium=organic"
"Bloomsbury House performing a-few-good-men?utm_source=google.com&utm_medium=organic ","Windsor, Ontario","4 July 2025","13 July 2025","https://www.concordtheatricals.co.uk/p/2810/a-few-good-men?utm_source=google.com&utm_medium=organic"
"Coalville Adult School Drama Group performing a-few-good-men?utm_source=google.com&utm_medium=organic ","Coalville, Leicestershire","10 September 2025","13 September 2025","https://www.concordtheatricals.co.uk/p/2810/a-few-good-men?utm_source=google.com&utm_medium=organic"
"Gallery 7 Theatre and Performing Arts Society performing a-few-good-men?utm_source=google.com&utm_medium=organic ","Abbotsford, British Columbia","8 May 2026","24 May 2026","https://www.concordtheatricals.co.uk/p/2810/a-few-good-men?utm_source=google.com&utm_medium=organic"
"The Chameleons Amateur Dramatic Society performing a-few-good-men?utm_source=google.com&utm_medium=organic ","Ickenham, Middlesex","17 July 2025","19 July 2025","https://www.concordtheatricals.co.uk/p/2810/a-few-good-men?utm_source=google.com&utm_medium=organic"
"Pyrford Little Theatre performing fallen-angels ","Woking, Surrey","22 May 2025","24 May 2025","https://www.concordtheatricals.co.uk/p/2885/fallen-angels"
"Pyrford Little Theatre performing fallen-angels ","Woking, Surrey","22 May 2025","24 May 2025","https://www.concordtheatricals.co.uk/p/2885/fallen-angels"
"Eltham College performing treasure-island-lavery","LOndon, London","8 May 2025","9 May 2025","https://www.concordtheatricals.co.uk/p/57080/treasure-island-lavery"
"Glenalmond College performing treasure-island-lavery","Perth, Perth and Kinross","16 May 2025","17 May 2025","https://www.concordtheatricals.co.uk/p/57080/treasure-island-lavery"
"Guide Bridge Theatre performing treasure-island-lavery","Tameside, Manchester (Greater)","13 October 2025","18 October 2025","https://www.concordtheatricals.co.uk/p/57080/treasure-island-lavery"
"Newcastle-under-Lyme School performing treasure-island-lavery","Newcastle-under-Lyme, Staffordshire","24 June 2025","26 June 2025","https://www.concordtheatricals.co.uk/p/57080/treasure-island-lavery"
"Rickmansworth Players performing treasure-island-lavery","Rickmansworth, Hertfordshire","19 November 2025","22 November 2025","https://www.concordtheatricals.co.uk/p/57080/treasure-island-lavery"
"Wellington College performing treasure-island-lavery","Berkshire, Berkshire","30 April 2025","2 May 2025","https://www.concordtheatricals.co.uk/p/57080/treasure-island-lavery"
"Eltham College performing treasure-island-lavery","LOndon, London","8 May 2025","9 May 2025","https://www.concordtheatricals.co.uk/p/57080/treasure-island-lavery"
"Glenalmond College performing treasure-island-lavery","Perth, Perth and Kinross","16 May 2025","17 May 2025","https://www.concordtheatricals.co.uk/p/57080/treasure-island-lavery"
"Guide Bridge Theatre performing treasure-island-lavery","Tameside, Manchester (Greater)","13 October 2025","18 October 2025","https://www.concordtheatricals.co.uk/p/57080/treasure-island-lavery"
"Newcastle-under-Lyme School performing treasure-island-lavery","Newcastle-under-Lyme, Staffordshire","24 June 2025","26 June 2025","https://www.concordtheatricals.co.uk/p/57080/treasure-island-lavery"
"Rickmansworth Players performing treasure-island-lavery","Rickmansworth, Hertfordshire","19 November 2025","22 November 2025","https://www.concordtheatricals.co.uk/p/57080/treasure-island-lavery"
"Wellington College performing treasure-island-lavery","Berkshire, Berkshire","30 April 2025","2 May 2025","https://www.concordtheatricals.co.uk/p/57080/treasure-island-lavery"
"Erewash Musical Society performing top-hat?utm_source=google.com&utm_medium=organic","Nottingham, Unknown State","7 October 2025","11 October 2025","https://www.concordtheatricals.co.uk/p/65907/top-hat?utm_source=google.com&utm_medium=organic"
"GEMS on Stage performing top-hat?utm_source=google.com&utm_medium=organic","Northfleet, Kent","23 October 2025","25 October 2025","https://www.concordtheatricals.co.uk/p/65907/top-hat?utm_source=google.com&utm_medium=organic"
"Erewash Musical Society performing top-hat?utm_source=google.com&utm_medium=organic","Nottingham, Unknown State","7 October 2025","11 October 2025","https://www.concordtheatricals.co.uk/p/65907/top-hat?utm_source=google.com&utm_medium=organic"
"GEMS on Stage performing top-hat?utm_source=google.com&utm_medium=organic","Northfleet, Kent","23 October 2025","25 October 2025","https://www.concordtheatricals.co.uk/p/65907/top-hat?utm_source=google.com&utm_medium=organic"
"NK Theatre Arts performing the-graduate?utm_source=google.com&utm_medium=organic ","Stockport, Cheshire","12 November 2025","14 November 2025","https://www.concordtheatricals.co.uk/p/2199/the-graduate?utm_source=google.com&utm_medium=organic"
"Radcliffe-on-Trent Drama Group performing the-graduate?utm_source=google.com&utm_medium=organic ","Nottingham, Nottinghamshire","6 May 2025","10 May 2025","https://www.concordtheatricals.co.uk/p/2199/the-graduate?utm_source=google.com&utm_medium=organic"
"NK Theatre Arts performing the-graduate?utm_source=google.com&utm_medium=organic ","Stockport, Cheshire","12 November 2025","14 November 2025","https://www.concordtheatricals.co.uk/p/2199/the-graduate?utm_source=google.com&utm_medium=organic"
"Radcliffe-on-Trent Drama Group performing the-graduate?utm_source=google.com&utm_medium=organic ","Nottingham, Nottinghamshire","6 May 2025","10 May 2025","https://www.concordtheatricals.co.uk/p/2199/the-graduate?utm_source=google.com&utm_medium=organic"
"Wilmslow Green Room Theatre performing the-titfield-thunderbolt ","Wilmslow, Cheshire","12 May 2025","17 May 2025","https://www.concordtheatricals.co.uk/p/11020/the-titfield-thunderbolt"
"Wigan Little Theatre performing the-accrington-pals","Wigan, Lancashire","15 October 2025","25 October 2025","https://www.concordtheatricals.co.uk/p/11184/the-accrington-pals"
"Wigan Little Theatre performing the-accrington-pals","Wigan, Lancashire","15 October 2025","25 October 2025","https://www.concordtheatricals.co.uk/p/11184/the-accrington-pals"
"Tyldesley Little Theatre performing all-in-good-time ","Nr. Manchester, Manchester (Greater)","13 May 2025","17 May 2025","https://www.concordtheatricals.co.uk/p/4781/all-in-good-time"
"Tyldesley Little Theatre performing all-in-good-time ","Nr. Manchester, Manchester (Greater)","13 May 2025","17 May 2025","https://www.concordtheatricals.co.uk/p/4781/all-in-good-time"
"Salterton Drama Club performing 84-charing-cross-road?utm_source=google.com&utm_medium=organic ","Budleigh Salterton, Devon","2 June 2025","7 June 2025","https://www.concordtheatricals.co.uk/p/8999/84-charing-cross-road?utm_source=google.com&utm_medium=organic"
"Todmorden A O D S performing 84-charing-cross-road?utm_source=google.com&utm_medium=organic ","Todmorden, West Yorkshire","9 September 2025","13 September 2025","https://www.concordtheatricals.co.uk/p/8999/84-charing-cross-road?utm_source=google.com&utm_medium=organic"
"Wilmslow Green Room Theatre performing 84-charing-cross-road?utm_source=google.com&utm_medium=organic ","Wilmslow, Cheshire","16 March 2026","21 March 2026","https://www.concordtheatricals.co.uk/p/8999/84-charing-cross-road?utm_source=google.com&utm_medium=organic"
"TOADS Theatre Company performing the-late-edwina-black ","Torquay, Devon","19 May 2025","24 May 2025","https://www.concordtheatricals.co.uk/p/12200/the-late-edwina-black"
"TOADS Theatre Company performing butterflies-are-free?utm_source=google.com&utm_medium=organic ","Torquay, Devon","21 April 2025","26 April 2025","https://www.concordtheatricals.co.uk/p/2297/butterflies-are-free?utm_source=google.com&utm_medium=organic"
"March and District AOS (MADAOS) performing cheshire-cats ","March, Cambridgeshire","12 June 2025","14 June 2025","https://www.concordtheatricals.co.uk/p/9641/cheshire-cats"
"Stage-door Theatre company performing cheshire-cats ","Littlehampton, West Sussex","30 April 2025","3 May 2025","https://www.concordtheatricals.co.uk/p/9641/cheshire-cats"
"The Watson Players performing cheshire-cats ","Derby, Derbyshire","17 June 2025","21 June 2025","https://www.concordtheatricals.co.uk/p/9641/cheshire-cats"
"Tingdene Entertainers performing cheshire-cats ","Finedon, Northamptonshire","19 June 2025","21 June 2025","https://www.concordtheatricals.co.uk/p/9641/cheshire-cats"
"Wesley Players Drama Group performing cheshire-cats ","Upminster, Essex","15 May 2025","17 May 2025","https://www.concordtheatricals.co.uk/p/9641/cheshire-cats"
"Zips theatre company performing cheshire-cats ","London, London","8 May 2025","10 May 2025","https://www.concordtheatricals.co.uk/p/9641/cheshire-cats"
"Hyde Little Theatre performing the-memory-of-water ","Hyde, Cheshire","8 August 2025","9 August 2025","https://www.concordtheatricals.co.uk/p/11662/the-memory-of-water"
"The Robin Hood Theatre Company performing the-memory-of-water ","Newark, Nottinghamshire","29 April 2025","3 May 2025","https://www.concordtheatricals.co.uk/p/11662/the-memory-of-water"
"Keighley Playhouse performing my-mother-said-i-never-should ","Keighley, West Yorkshire","1 September 2025","6 September 2025","https://www.concordtheatricals.co.uk/p/5649/my-mother-said-i-never-should"
"The Miller Centre Theatre Company performing my-mother-said-i-never-should ","Caterham, Surrey","29 May 2025","7 June 2025","https://www.concordtheatricals.co.uk/p/5649/my-mother-said-i-never-should"
"Keighley Playhouse performing my-mother-said-i-never-should ","Keighley, West Yorkshire","1 September 2025","6 September 2025","https://www.concordtheatricals.co.uk/p/5649/my-mother-said-i-never-should"
"The Miller Centre Theatre Company performing my-mother-said-i-never-should ","Caterham, Surrey","29 May 2025","7 June 2025","https://www.concordtheatricals.co.uk/p/5649/my-mother-said-i-never-should"
"The Village Players performing it-runs-in-the-family?utm_source=google.com&utm_medium=organic ","Heathfield, East Sussex","26 November 2025","29 November 2025","https://www.concordtheatricals.co.uk/p/2462/it-runs-in-the-family?utm_source=google.com&utm_medium=organic"
"The Village Players performing it-runs-in-the-family?utm_source=google.com&utm_medium=organic ","Heathfield, East Sussex","26 November 2025","29 November 2025","https://www.concordtheatricals.co.uk/p/2462/it-runs-in-the-family?utm_source=google.com&utm_medium=organic"
"Bedworth Theatre co. performing the-patient ","NUNEATON, Warwickshire","26 April 2025","26 April 2025","https://www.concordtheatricals.co.uk/p/1647/the-patient"
"The Marco Players performing the-patient ","Bolton, Lancashire","21 May 2025","24 May 2025","https://www.concordtheatricals.co.uk/p/1647/the-patient"
"The Marco Players performing the-patient ","Bolton, Lancashire","21 May 2025","24 May 2025","https://www.concordtheatricals.co.uk/p/1647/the-patient"
"Progressive Players, The performing skylight ","Gateshead, Tyne and Wear","10 November 2025","15 November 2025","https://www.concordtheatricals.co.uk/p/1982/skylight"
"Wexford Drama Group performing skylight ","Co. Wexford, Wexford","2 May 2025","2 May 2025","https://www.concordtheatricals.co.uk/p/1982/skylight"
"Wexford Drama Group performing skylight ","Athlone, Westmeath","13 May 2025","13 May 2025","https://www.concordtheatricals.co.uk/p/1982/skylight"
"Progressive Players, The performing skylight ","Gateshead, Tyne and Wear","10 November 2025","15 November 2025","https://www.concordtheatricals.co.uk/p/1982/skylight"
"Wexford Drama Group performing skylight ","Co. Wexford, Wexford","2 May 2025","2 May 2025","https://www.concordtheatricals.co.uk/p/1982/skylight"
"Wexford Drama Group performing skylight ","Athlone, Westmeath","13 May 2025","13 May 2025","https://www.concordtheatricals.co.uk/p/1982/skylight"
"The Lace Market Theatre performing ring-round-the-moon ","Nottingham, Nottinghamshire","23 June 2025","28 June 2025","https://www.concordtheatricals.co.uk/p/7426/ring-round-the-moon"
"The Lace Market Theatre performing ring-round-the-moon ","Nottingham, Nottinghamshire","23 June 2025","28 June 2025","https://www.concordtheatricals.co.uk/p/7426/ring-round-the-moon"
"farnworth little theatre performing one-flew-over-the-cuckoos-nest ","BOLTON, Manchester (Greater)","16 May 2026","23 May 2026","https://www.concordtheatricals.co.uk/p/2795/one-flew-over-the-cuckoos-nest"
"Heart Of Yorkshire Education - Wakefield College performing one-flew-over-the-cuckoos-nest ","Wakefield, West Yorkshire","8 May 2025","9 May 2025","https://www.concordtheatricals.co.uk/p/2795/one-flew-over-the-cuckoos-nest"
"The Harrogate Dramatic Society performing one-flew-over-the-cuckoos-nest ","HARROGATE, North Yorkshire","30 April 2025","3 May 2025","https://www.concordtheatricals.co.uk/p/2795/one-flew-over-the-cuckoos-nest"
"Ruislip Dramatic Society performing outside-edge ","Ickenham, Unknown State","14 May 2025","17 May 2025","https://www.concordtheatricals.co.uk/p/11689/outside-edge"
"Sheringham Little Theatre performing outside-edge ","Norfolk, Norfolk","25 June 2025","28 June 2025","https://www.concordtheatricals.co.uk/p/11689/outside-edge"
"Ruislip Dramatic Society performing outside-edge ","Ickenham, Unknown State","14 May 2025","17 May 2025","https://www.concordtheatricals.co.uk/p/11689/outside-edge"
"Sheringham Little Theatre performing outside-edge ","Norfolk, Norfolk","25 June 2025","28 June 2025","https://www.concordtheatricals.co.uk/p/11689/outside-edge"
"The Dunstable Rep Theatre Club performing 3women ","Dunstable, Bedfordshire","9 May 2025","17 May 2025","https://www.concordtheatricals.co.uk/p/64121/3women"
"Chads Theatre Company performing dangerous-corner ","Stockport, Cheshire","24 January 2026","31 January 2026","https://www.concordtheatricals.co.uk/p/9052/dangerous-corner"
"Dewsbury Arts Group performing dangerous-corner ","Dewsbury, West Yorkshire","27 September 2025","4 October 2025","https://www.concordtheatricals.co.uk/p/9052/dangerous-corner"
"Chads Theatre Company performing dangerous-corner ","Stockport, Cheshire","24 January 2026","31 January 2026","https://www.concordtheatricals.co.uk/p/9052/dangerous-corner"
"Dewsbury Arts Group performing dangerous-corner ","Dewsbury, West Yorkshire","27 September 2025","4 October 2025","https://www.concordtheatricals.co.uk/p/9052/dangerous-corner"
"Chads Theatre Company performing dangerous-corner ","Stockport, Cheshire","24 January 2026","31 January 2026","https://www.concordtheatricals.co.uk/p/9052/dangerous-corner"
"Dewsbury Arts Group performing dangerous-corner ","Dewsbury, West Yorkshire","27 September 2025","4 October 2025","https://www.concordtheatricals.co.uk/p/9052/dangerous-corner"
"Chads Theatre Company performing dangerous-corner ","Stockport, Cheshire","24 January 2026","31 January 2026","https://www.concordtheatricals.co.uk/p/9052/dangerous-corner"
"Dewsbury Arts Group performing dangerous-corner ","Dewsbury, West Yorkshire","27 September 2025","4 October 2025","https://www.concordtheatricals.co.uk/p/9052/dangerous-corner"
"Chads Theatre Company performing dangerous-corner ","Stockport, Cheshire","24 January 2026","31 January 2026","https://www.concordtheatricals.co.uk/p/9052/dangerous-corner"
"Dewsbury Arts Group performing dangerous-corner ","Dewsbury, West Yorkshire","27 September 2025","4 October 2025","https://www.concordtheatricals.co.uk/p/9052/dangerous-corner"
"Chads Theatre Company performing dangerous-corner ","Stockport, Cheshire","24 January 2026","31 January 2026","https://www.concordtheatricals.co.uk/p/9052/dangerous-corner"
"Dewsbury Arts Group performing dangerous-corner ","Dewsbury, West Yorkshire","27 September 2025","4 October 2025","https://www.concordtheatricals.co.uk/p/9052/dangerous-corner"
"Chads Theatre Company performing dangerous-corner ","Stockport, Cheshire","24 January 2026","31 January 2026","https://www.concordtheatricals.co.uk/p/9052/dangerous-corner"
"Dewsbury Arts Group performing dangerous-corner ","Dewsbury, West Yorkshire","27 September 2025","4 October 2025","https://www.concordtheatricals.co.uk/p/9052/dangerous-corner"
"Chads Theatre Company performing dangerous-corner ","Stockport, Cheshire","24 January 2026","31 January 2026","https://www.concordtheatricals.co.uk/p/9052/dangerous-corner"
"Dewsbury Arts Group performing dangerous-corner ","Dewsbury, West Yorkshire","27 September 2025","4 October 2025","https://www.concordtheatricals.co.uk/p/9052/dangerous-corner"
"Chads Theatre Company performing dangerous-corner ","Stockport, Cheshire","24 January 2026","31 January 2026","https://www.concordtheatricals.co.uk/p/9052/dangerous-corner"
"Dewsbury Arts Group performing dangerous-corner ","Dewsbury, West Yorkshire","27 September 2025","4 October 2025","https://www.concordtheatricals.co.uk/p/9052/dangerous-corner"
"Burnley Garrick Theatre Group performing stepping-out ","BURNLEY, Lancashire","28 May 2025","31 May 2025","https://www.concordtheatricals.co.uk/p/2292/stepping-out"
"Guide Bridge Theatre performing stepping-out ","Tameside, Manchester (Greater)","26 January 2026","31 January 2026","https://www.concordtheatricals.co.uk/p/2292/stepping-out"
"St Ives Theatre performing stepping-out ","St Ives, Cornwall","16 February 2026","20 February 2026","https://www.concordtheatricals.co.uk/p/2292/stepping-out"
"The Bench Theatre performing stepping-out ","Havant, Hampshire","10 July 2025","19 July 2025","https://www.concordtheatricals.co.uk/p/2292/stepping-out"
"East Kilbride Repertory Theatre Club performing table-manners ","East Kilbride, South Lanarkshire","1 January 2030","1 January 2030","https://www.concordtheatricals.co.uk/p/1037/table-manners"
"Giffnock Theatre Players performing table-manners ","Glasgow, Glasgow","26 May 2025","28 May 2025","https://www.concordtheatricals.co.uk/p/1037/table-manners"
"The Bob Hope Theatre performing table-manners ","Eltham, London","11 June 2025","14 June 2025","https://www.concordtheatricals.co.uk/p/1037/table-manners"
"The Questors Theatre performing table-manners ","LONDON, London","12 July 2025","19 July 2025","https://www.concordtheatricals.co.uk/p/1037/table-manners"
"East Kilbride Repertory Theatre Club performing table-manners ","East Kilbride, South Lanarkshire","1 January 2030","1 January 2030","https://www.concordtheatricals.co.uk/p/1037/table-manners"
"Giffnock Theatre Players performing table-manners ","Glasgow, Glasgow","26 May 2025","28 May 2025","https://www.concordtheatricals.co.uk/p/1037/table-manners"
"The Bob Hope Theatre performing table-manners ","Eltham, London","11 June 2025","14 June 2025","https://www.concordtheatricals.co.uk/p/1037/table-manners"
"The Questors Theatre performing table-manners ","LONDON, London","12 July 2025","19 July 2025","https://www.concordtheatricals.co.uk/p/1037/table-manners"
"East Kilbride Repertory Theatre Club performing table-manners ","East Kilbride, South Lanarkshire","1 January 2030","1 January 2030","https://www.concordtheatricals.co.uk/p/1037/table-manners"
"Giffnock Theatre Players performing table-manners ","Glasgow, Glasgow","26 May 2025","28 May 2025","https://www.concordtheatricals.co.uk/p/1037/table-manners"
"The Bob Hope Theatre performing table-manners ","Eltham, London","11 June 2025","14 June 2025","https://www.concordtheatricals.co.uk/p/1037/table-manners"
"The Questors Theatre performing table-manners ","LONDON, London","12 July 2025","19 July 2025","https://www.concordtheatricals.co.uk/p/1037/table-manners"
"Wivelsfield Little Theatre performing day-of-reckoning ","Wivelsfield Green, East Sussex","14 May 2025","17 May 2025","https://www.concordtheatricals.co.uk/p/11531/day-of-reckoning"
"Bancroft Players performing educating-rita ","Hitchin, Hertfordshire","21 April 2026","25 April 2026","https://www.concordtheatricals.co.uk/p/2392/educating-rita"
"Dark Night Players performing educating-rita ","campbell river, British Columbia","18 June 2025","21 June 2025","https://www.concordtheatricals.co.uk/p/2392/educating-rita"
"Keighley Playhouse performing educating-rita ","Keighley, West Yorkshire","26 January 2026","31 January 2026","https://www.concordtheatricals.co.uk/p/2392/educating-rita"
"Newport Playgoers Society performing educating-rita ","Newport, South Wales, Gwent (Blaenau Gwent)","4 February 2026","7 February 2026","https://www.concordtheatricals.co.uk/p/2392/educating-rita"
"Partington Theatre Club Limited performing educating-rita ","Glossop, Derbyshire","30 June 2025","5 July 2025","https://www.concordtheatricals.co.uk/p/2392/educating-rita"
"Workington Playgoers Ltd performing educating-rita ","Workington, Cumbria","17 June 2025","20 June 2025","https://www.concordtheatricals.co.uk/p/2392/educating-rita"
"Bancroft Players performing educating-rita ","Hitchin, Hertfordshire","21 April 2026","25 April 2026","https://www.concordtheatricals.co.uk/p/2392/educating-rita"
"Dark Night Players performing educating-rita ","campbell river, British Columbia","18 June 2025","21 June 2025","https://www.concordtheatricals.co.uk/p/2392/educating-rita"
"Keighley Playhouse performing educating-rita ","Keighley, West Yorkshire","26 January 2026","31 January 2026","https://www.concordtheatricals.co.uk/p/2392/educating-rita"
"Newport Playgoers Society performing educating-rita ","Newport, South Wales, Gwent (Blaenau Gwent)","4 February 2026","7 February 2026","https://www.concordtheatricals.co.uk/p/2392/educating-rita"
"Partington Theatre Club Limited performing educating-rita ","Glossop, Derbyshire","30 June 2025","5 July 2025","https://www.concordtheatricals.co.uk/p/2392/educating-rita"
"Workington Playgoers Ltd performing educating-rita ","Workington, Cumbria","17 June 2025","20 June 2025","https://www.concordtheatricals.co.uk/p/2392/educating-rita"
"Bancroft Players performing educating-rita ","Hitchin, Hertfordshire","21 April 2026","25 April 2026","https://www.concordtheatricals.co.uk/p/2392/educating-rita"
"Dark Night Players performing educating-rita ","campbell river, British Columbia","18 June 2025","21 June 2025","https://www.concordtheatricals.co.uk/p/2392/educating-rita"
"Keighley Playhouse performing educating-rita ","Keighley, West Yorkshire","26 January 2026","31 January 2026","https://www.concordtheatricals.co.uk/p/2392/educating-rita"
"Newport Playgoers Society performing educating-rita ","Newport, South Wales, Gwent (Blaenau Gwent)","4 February 2026","7 February 2026","https://www.concordtheatricals.co.uk/p/2392/educating-rita"
"Partington Theatre Club Limited performing educating-rita ","Glossop, Derbyshire","30 June 2025","5 July 2025","https://www.concordtheatricals.co.uk/p/2392/educating-rita"
"Workington Playgoers Ltd performing educating-rita ","Workington, Cumbria","17 June 2025","20 June 2025","https://www.concordtheatricals.co.uk/p/2392/educating-rita"
"Bancroft Players performing educating-rita ","Hitchin, Hertfordshire","21 April 2026","25 April 2026","https://www.concordtheatricals.co.uk/p/2392/educating-rita"
"Dark Night Players performing educating-rita ","campbell river, British Columbia","18 June 2025","21 June 2025","https://www.concordtheatricals.co.uk/p/2392/educating-rita"
"Keighley Playhouse performing educating-rita ","Keighley, West Yorkshire","26 January 2026","31 January 2026","https://www.concordtheatricals.co.uk/p/2392/educating-rita"
"Newport Playgoers Society performing educating-rita ","Newport, South Wales, Gwent (Blaenau Gwent)","4 February 2026","7 February 2026","https://www.concordtheatricals.co.uk/p/2392/educating-rita"
"Partington Theatre Club Limited performing educating-rita ","Glossop, Derbyshire","30 June 2025","5 July 2025","https://www.concordtheatricals.co.uk/p/2392/educating-rita"
"Workington Playgoers Ltd performing educating-rita ","Workington, Cumbria","17 June 2025","20 June 2025","https://www.concordtheatricals.co.uk/p/2392/educating-rita"
"Ghostlight Performers performing teechers  ","Southport, Merseyside","21 June 2025","21 June 2025","https://www.concordtheatricals.co.uk/p/5244/teechers"
"RGS Worcester performing teechers  ","Worcester, Worcestershire","7 May 2025","9 May 2025","https://www.concordtheatricals.co.uk/p/5244/teechers"
"Syston QT Theatre Group performing teechers  ","Leicester, Leicestershire","10 June 2025","13 June 2025","https://www.concordtheatricals.co.uk/p/5244/teechers"
"Taking Flight Theatre Company performing teechers  ","Cardiff, Cardiff","31 July 2025","31 July 2025","https://www.concordtheatricals.co.uk/p/5244/teechers"
"That's The Badger Productions performing teechers  ","Ilkley, West Yorkshire","4 June 2026","6 June 2026","https://www.concordtheatricals.co.uk/p/5244/teechers"
"Horfield Theatre Company performing pity-about-kitty ","Bristol, Bristol","7 May 2025","10 May 2025","https://www.concordtheatricals.co.uk/p/12083/pity-about-kitty"
"Horfield Theatre Company performing pity-about-kitty ","Bristol, Bristol","7 May 2025","10 May 2025","https://www.concordtheatricals.co.uk/p/12083/pity-about-kitty"
"Horfield Theatre Company performing pity-about-kitty ","Bristol, Bristol","7 May 2025","10 May 2025","https://www.concordtheatricals.co.uk/p/12083/pity-about-kitty"
"Horfield Theatre Company performing pity-about-kitty ","Bristol, Bristol","7 May 2025","10 May 2025","https://www.concordtheatricals.co.uk/p/12083/pity-about-kitty"
"Horfield Theatre Company performing pity-about-kitty ","Bristol, Bristol","7 May 2025","10 May 2025","https://www.concordtheatricals.co.uk/p/12083/pity-about-kitty"
"Bromley Little Theatre performing the-dresser ","Bromley, Kent","23 April 2025","27 April 2025","https://www.concordtheatricals.co.uk/p/11205/the-dresser"
"Camp Theatre Company performing the-dresser ","Liskeard, Cornwall","24 October 2025","25 October 2025","https://www.concordtheatricals.co.uk/p/11205/the-dresser"
"Camp Theatre Company performing the-dresser ","Newquay, Cornwall","30 October 2025","30 October 2025","https://www.concordtheatricals.co.uk/p/11205/the-dresser"
"Camp Theatre Company performing the-dresser ","Bodmin, Cornwall","31 October 2025","31 October 2025","https://www.concordtheatricals.co.uk/p/11205/the-dresser"
"Camp Theatre Company performing the-dresser ","Cornwall, Cornwall","1 November 2025","1 November 2025","https://www.concordtheatricals.co.uk/p/11205/the-dresser"
"Camp Theatre Company performing the-dresser ","Downderry, Cornwall","7 November 2025","7 November 2025","https://www.concordtheatricals.co.uk/p/11205/the-dresser"
"Camp Theatre Company performing the-dresser ","DARTMOUTH, Devon","8 November 2025","8 November 2025","https://www.concordtheatricals.co.uk/p/11205/the-dresser"
"Camp Theatre Company performing the-dresser ","Liskeard, Cornwall","14 November 2025","14 November 2025","https://www.concordtheatricals.co.uk/p/11205/the-dresser"
"Camp Theatre Company performing the-dresser ","Kingsand, Cornwall","15 November 2025","15 November 2025","https://www.concordtheatricals.co.uk/p/11205/the-dresser"
"Circle 67 performing the-dresser ","Bramfield, Suffolk","29 April 2025","29 April 2025","https://www.concordtheatricals.co.uk/p/11205/the-dresser"
"Hathersage Players performing the-dresser ","Hathersage, Derbyshire","4 June 2025","7 June 2025","https://www.concordtheatricals.co.uk/p/11205/the-dresser"
"Second Thoughts Drama Group performing the-dresser ","Stratford-upon-Avon, Warwickshire","22 October 2025","25 October 2025","https://www.concordtheatricals.co.uk/p/11205/the-dresser"
"Southend Shakespeare Company performing the-dresser ","Westcliff-on-Sea, Essex","28 October 2025","1 November 2025","https://www.concordtheatricals.co.uk/p/11205/the-dresser"
"Bromley Little Theatre performing the-dresser ","Bromley, Kent","23 April 2025","27 April 2025","https://www.concordtheatricals.co.uk/p/11205/the-dresser"
"Camp Theatre Company performing the-dresser ","Liskeard, Cornwall","24 October 2025","25 October 2025","https://www.concordtheatricals.co.uk/p/11205/the-dresser"
"Camp Theatre Company performing the-dresser ","Newquay, Cornwall","30 October 2025","30 October 2025","https://www.concordtheatricals.co.uk/p/11205/the-dresser"
"Camp Theatre Company performing the-dresser ","Bodmin, Cornwall","31 October 2025","31 October 2025","https://www.concordtheatricals.co.uk/p/11205/the-dresser"
"Camp Theatre Company performing the-dresser ","Cornwall, Cornwall","1 November 2025","1 November 2025","https://www.concordtheatricals.co.uk/p/11205/the-dresser"
"Camp Theatre Company performing the-dresser ","Downderry, Cornwall","7 November 2025","7 November 2025","https://www.concordtheatricals.co.uk/p/11205/the-dresser"
"Camp Theatre Company performing the-dresser ","DARTMOUTH, Devon","8 November 2025","8 November 2025","https://www.concordtheatricals.co.uk/p/11205/the-dresser"
"Camp Theatre Company performing the-dresser ","Liskeard, Cornwall","14 November 2025","14 November 2025","https://www.concordtheatricals.co.uk/p/11205/the-dresser"
"Camp Theatre Company performing the-dresser ","Kingsand, Cornwall","15 November 2025","15 November 2025","https://www.concordtheatricals.co.uk/p/11205/the-dresser"
"Circle 67 performing the-dresser ","Bramfield, Suffolk","29 April 2025","29 April 2025","https://www.concordtheatricals.co.uk/p/11205/the-dresser"
"Hathersage Players performing the-dresser ","Hathersage, Derbyshire","4 June 2025","7 June 2025","https://www.concordtheatricals.co.uk/p/11205/the-dresser"
"Second Thoughts Drama Group performing the-dresser ","Stratford-upon-Avon, Warwickshire","22 October 2025","25 October 2025","https://www.concordtheatricals.co.uk/p/11205/the-dresser"
"Southend Shakespeare Company performing the-dresser ","Westcliff-on-Sea, Essex","28 October 2025","1 November 2025","https://www.concordtheatricals.co.uk/p/11205/the-dresser"
"BAYSTON HILL AMATEUR DRAMATICS SOCIETY performing confusions ","Shrewsbury, Shropshire","15 May 2025","17 May 2025","https://www.concordtheatricals.co.uk/p/939/confusions"
"Cottingham Little Theatre performing confusions ","Cottingham, East Riding of Yorkshire","1 January 2030","1 January 2030","https://www.concordtheatricals.co.uk/p/939/confusions"
"Droylsden Little Theatre performing confusions ","MANCHESTER, Lancashire","12 May 2025","17 May 2025","https://www.concordtheatricals.co.uk/p/939/confusions"
"Proscenium Theatre Group performing confusions ","Ickenham, Middlesex","4 June 2025","7 June 2025","https://www.concordtheatricals.co.uk/p/939/confusions"
"BAYSTON HILL AMATEUR DRAMATICS SOCIETY performing confusions ","Shrewsbury, Shropshire","15 May 2025","17 May 2025","https://www.concordtheatricals.co.uk/p/939/confusions"
"Cottingham Little Theatre performing confusions ","Cottingham, East Riding of Yorkshire","1 January 2030","1 January 2030","https://www.concordtheatricals.co.uk/p/939/confusions"
"Droylsden Little Theatre performing confusions ","MANCHESTER, Lancashire","12 May 2025","17 May 2025","https://www.concordtheatricals.co.uk/p/939/confusions"
"Proscenium Theatre Group performing confusions ","Ickenham, Middlesex","4 June 2025","7 June 2025","https://www.concordtheatricals.co.uk/p/939/confusions"
"Limepalm Productions performing the-history-boys ","Haywards Heath, West Sussex","3 July 2025","4 July 2025","https://www.concordtheatricals.co.uk/p/6792/the-history-boys"
"NK Theatre Arts performing the-history-boys ","Stockport, Cheshire","11 February 2026","13 February 2026","https://www.concordtheatricals.co.uk/p/6792/the-history-boys"
"Limepalm Productions performing the-history-boys ","Haywards Heath, West Sussex","3 July 2025","4 July 2025","https://www.concordtheatricals.co.uk/p/6792/the-history-boys"
"NK Theatre Arts performing the-history-boys ","Stockport, Cheshire","11 February 2026","13 February 2026","https://www.concordtheatricals.co.uk/p/6792/the-history-boys"
"Chester Little Theatre performing last-of-the-red-hot-lovers ","Chester, Cheshire","3 May 2025","10 May 2025","https://www.concordtheatricals.co.uk/p/2802/last-of-the-red-hot-lovers"
"Lewes Old Grammar School performing teechers-leavers-22 ","Lewes, East Sussex","14 June 2025","15 June 2025","https://www.concordtheatricals.co.uk/p/95708/teechers-leavers-22"
"Lewes Old Grammar School performing teechers-leavers-22 ","Lewes, East Sussex","14 June 2025","15 June 2025","https://www.concordtheatricals.co.uk/p/95708/teechers-leavers-22"
"Parlour Players performing the-unexpected-guest?utm_source=google.com&utm_medium=organic ","South Croydon, Surrey","8 May 2025","10 May 2025","https://www.concordtheatricals.co.uk/p/1051/the-unexpected-guest?utm_source=google.com&utm_medium=organic"
"Peninsula Players performing the-unexpected-guest?utm_source=google.com&utm_medium=organic ","Sidney, British Columbia","16 May 2025","18 May 2025","https://www.concordtheatricals.co.uk/p/1051/the-unexpected-guest?utm_source=google.com&utm_medium=organic"
"St. John's Players performing dead-ringer-ross ","Gloucester, Gloucestershire","13 May 2025","17 May 2025","https://www.concordtheatricals.co.uk/p/8896/dead-ringer-ross"
"Bolton Little Theatre performing the-deep-blue-sea  ","Bolton, Lancashire","17 May 2025","24 May 2025","https://www.concordtheatricals.co.uk/p/9612/the-deep-blue-sea"
"High Street Players performing the-deep-blue-sea  ","Harpenden, Hertfordshire","16 May 2025","17 May 2025","https://www.concordtheatricals.co.uk/p/9612/the-deep-blue-sea"
"The Company of Players performing the-deep-blue-sea  ","Hertford, Hertfordshire","1 May 2026","9 May 2026","https://www.concordtheatricals.co.uk/p/9612/the-deep-blue-sea"
"Axstane Players performing the-hollow ","Dartford, Kent","9 May 2025","10 May 2025","https://www.concordtheatricals.co.uk/p/1385/the-hollow"
"Susan Nicholl performing the-hollow ","Victoria, British Columbia","1 October 2025","12 October 2025","https://www.concordtheatricals.co.uk/p/1385/the-hollow"
"TOADS Theatre Company performing the-hollow ","Torquay, Devon","15 September 2025","20 September 2025","https://www.concordtheatricals.co.uk/p/1385/the-hollow"
"Axstane Players performing the-hollow ","Dartford, Kent","9 May 2025","10 May 2025","https://www.concordtheatricals.co.uk/p/1385/the-hollow"
"Susan Nicholl performing the-hollow ","Victoria, British Columbia","1 October 2025","12 October 2025","https://www.concordtheatricals.co.uk/p/1385/the-hollow"
"TOADS Theatre Company performing the-hollow ","Torquay, Devon","15 September 2025","20 September 2025","https://www.concordtheatricals.co.uk/p/1385/the-hollow"
"Axstane Players performing the-hollow ","Dartford, Kent","9 May 2025","10 May 2025","https://www.concordtheatricals.co.uk/p/1385/the-hollow"
"Susan Nicholl performing the-hollow ","Victoria, British Columbia","1 October 2025","12 October 2025","https://www.concordtheatricals.co.uk/p/1385/the-hollow"
"TOADS Theatre Company performing the-hollow ","Torquay, Devon","15 September 2025","20 September 2025","https://www.concordtheatricals.co.uk/p/1385/the-hollow"
"Axstane Players performing the-hollow ","Dartford, Kent","9 May 2025","10 May 2025","https://www.concordtheatricals.co.uk/p/1385/the-hollow"
"Susan Nicholl performing the-hollow ","Victoria, British Columbia","1 October 2025","12 October 2025","https://www.concordtheatricals.co.uk/p/1385/the-hollow"
"TOADS Theatre Company performing the-hollow ","Torquay, Devon","15 September 2025","20 September 2025","https://www.concordtheatricals.co.uk/p/1385/the-hollow"
"Axstane Players performing the-hollow ","Dartford, Kent","9 May 2025","10 May 2025","https://www.concordtheatricals.co.uk/p/1385/the-hollow"
"Susan Nicholl performing the-hollow ","Victoria, British Columbia","1 October 2025","12 October 2025","https://www.concordtheatricals.co.uk/p/1385/the-hollow"
"TOADS Theatre Company performing the-hollow ","Torquay, Devon","15 September 2025","20 September 2025","https://www.concordtheatricals.co.uk/p/1385/the-hollow"
"Axstane Players performing the-hollow ","Dartford, Kent","9 May 2025","10 May 2025","https://www.concordtheatricals.co.uk/p/1385/the-hollow"
"Susan Nicholl performing the-hollow ","Victoria, British Columbia","1 October 2025","12 October 2025","https://www.concordtheatricals.co.uk/p/1385/the-hollow"
"TOADS Theatre Company performing the-hollow ","Torquay, Devon","15 September 2025","20 September 2025","https://www.concordtheatricals.co.uk/p/1385/the-hollow"
"Axstane Players performing the-hollow ","Dartford, Kent","9 May 2025","10 May 2025","https://www.concordtheatricals.co.uk/p/1385/the-hollow"
"Susan Nicholl performing the-hollow ","Victoria, British Columbia","1 October 2025","12 October 2025","https://www.concordtheatricals.co.uk/p/1385/the-hollow"
"TOADS Theatre Company performing the-hollow ","Torquay, Devon","15 September 2025","20 September 2025","https://www.concordtheatricals.co.uk/p/1385/the-hollow"
"ALTRINCHAM LITTLE THEATRE performing murder-by-misadventure ","Altrincham, Cheshire","18 May 2025","24 May 2025","https://www.concordtheatricals.co.uk/p/8731/murder-by-misadventure"
"Salterton Drama Club performing murder-by-misadventure ","Budleigh Salterton, Devon","1 December 2025","6 December 2025","https://www.concordtheatricals.co.uk/p/8731/murder-by-misadventure"
"The Harper Trust performing the-worst-witch ","Bedford, Bedfordshire","3 July 2025","5 July 2025","https://www.concordtheatricals.co.uk/p/65799/the-worst-witch"
"Market Harborough Drama Society performing breathing-corpses ","Market Harborough, Leicestershire","19 May 2026","23 May 2026","https://www.concordtheatricals.co.uk/p/11473/breathing-corpses"
"Market Harborough Drama Society performing breathing-corpses ","Market Harborough, Leicestershire","19 May 2026","23 May 2026","https://www.concordtheatricals.co.uk/p/11473/breathing-corpses"
"Knutsford Little Theatre performing whos-afraid-of-virginia-woolf?utm_source=google.com&utm_medium=organic ","Knutsford, Cheshire","11 March 2026","21 March 2026","https://www.concordtheatricals.co.uk/p/7480/whos-afraid-of-virginia-woolf?utm_source=google.com&utm_medium=organic"
"Knutsford Little Theatre performing whos-afraid-of-virginia-woolf?utm_source=google.com&utm_medium=organic ","Knutsford, Cheshire","11 March 2026","21 March 2026","https://www.concordtheatricals.co.uk/p/7480/whos-afraid-of-virginia-woolf?utm_source=google.com&utm_medium=organic"
"Bird College performing titanic ","Sidcup, Kent","30 April 2025","3 May 2025","https://www.concordtheatricals.co.uk/p/44694/titanic"
"King's Lynn Players (Mr L.J. Judd) performing titanic ","King's Lynn, Norfolk","12 November 2025","15 November 2025","https://www.concordtheatricals.co.uk/p/44694/titanic"
"Bird College performing titanic ","Sidcup, Kent","30 April 2025","3 May 2025","https://www.concordtheatricals.co.uk/p/44694/titanic"
"King's Lynn Players (Mr L.J. Judd) performing titanic ","King's Lynn, Norfolk","12 November 2025","15 November 2025","https://www.concordtheatricals.co.uk/p/44694/titanic"
"Progress Theatre performing the-cripple-of-inishmaan ","Reading, Unknown State","2 May 2025","10 May 2025","https://www.concordtheatricals.co.uk/p/11200/the-cripple-of-inishmaan"
"Progress Theatre performing the-cripple-of-inishmaan ","Reading, Unknown State","2 May 2025","10 May 2025","https://www.concordtheatricals.co.uk/p/11200/the-cripple-of-inishmaan"
"Cotswold Players performing rosencrantz-and-guildenstern-are-dead ","Stroud, Gloucestershire","30 September 2025","4 October 2025","https://www.concordtheatricals.co.uk/p/2819/rosencrantz-and-guildenstern-are-dead"
"The Edward Alderton Theatre performing rosencrantz-and-guildenstern-are-dead ","Bexleyheath, Kent","16 May 2026","23 May 2026","https://www.concordtheatricals.co.uk/p/2819/rosencrantz-and-guildenstern-are-dead"